Image,AvgEnergyTime,AvgSeamTime
720x480.png,.007468,.341264
1024x768.png,.014031,.828154
1920x1200.png,.036695,2.481049
3840x2160.png,.124407,9.183296
7680x4320.png,.490508,38.981643
